SQL> @HW3.sql
SQL> SET ECHO ON
SQL> 
SQL> -- Drop the tables if they are already there.
SQL> -- OK to get an Oracle error if the table(s) not found (if running script for the first time)
SQL> drop table  TEAM_PLAYER_ARENA;

Table dropped.

SQL> drop table  TEAM;

Table dropped.

SQL> drop table  PLAYER;

Table dropped.

SQL> drop table  ARENA;

Table dropped.

SQL> 
SQL> 
SQL> -- Create the tables, views, constraints, etc..
SQL> 
SQL> -- Part(A)
SQL> -- Create the TEAM table
SQL> CREATE TABLE  TEAM (    Team_ID		     INTEGER,
  2  					     Tname	     VARCHAR(15),
  3  					     Rank	     INTEGER,
  4  					     City	     VARCHAR(20),
  5  				     Championships   INTEGER,
  6  						     PRIMARY KEY (Team_id)
  7  				     );

Table created.

SQL> 
SQL> -- Create the PLAYER table
SQL> CREATE TABLE  PLAYER(   Player_ID	     INTEGER,
  2  						     Pname	     VARCHAR(30),
  3  						     Position	     VARCHAR(20),
  4  						     Draft_year      INTEGER,
  5  			     Retire_year INTEGER,
  6  						     Education	     VARCHAR(30),
  7  						     PRIMARY KEY(Player_ID)
  8  				     );

Table created.

SQL> 
SQL> -- Create the ARENA table
SQL> CREATE TABLE  ARENA(    ARENA_ID	     INTEGER,
  2  						     Aname	     VARCHAR(20),
  3  						     City	     VARCHAR(20),
  4  						     PRIMARY KEY(ARENA_ID)
  5  				     );

Table created.

SQL> 
SQL> -- Create the TEAM_PLAYER_ARENA  table
SQL> CREATE TABLE TEAM_PLAYER_ARENA (	     Team_ID	     INTEGER,
  2  									     Player_ID	     INTEGER,
  3  									     ARENA_ID	     INTEGER,
  4  									     Points	     INTEGER,
  5  									     PRIMARY KEY(Team_ID, Player_ID, ARENA_ID),
  6  									     FOREIGN KEY(Team_ID)    REFERENCES TEAM,
  7  									     FOREIGN KEY(Player_ID)  REFERENCES PLAYER,
  8  									     FOREIGN KEY(ARENA_ID)   REFERENCES ARENA
  9  				     );

Table created.

SQL> 
SQL> -- Ensure all data is removed from the tables
SQL> truncate table TEAM_PLAYER_ARENA;

Table truncated.

SQL> delete from TEAM;

0 rows deleted.

SQL> delete from PLAYER;

0 rows deleted.

SQL> delete from ARENA;

0 rows deleted.

SQL> 
SQL> 
SQL> -- INSERT THE DATA WITH NAMED FIELDS (notice that the fields are not in the order the table was created)
SQL> 
SQL> insert into     Team    (Tname,	     Rank , City, Championships, Team_ID)
  2  values( 'Clippers'  , 6 ,	     'LA'	   , 0 , 1  );

1 row created.

SQL> insert into     Team    (Tname,	     Rank , City, Championships, Team_ID)
  2  values( 'Bulls'	 , 5 ,	     'Chicago'	   , 6,      2	);

1 row created.

SQL> insert into     Team    (Tname,	     Rank , City, Championships, Team_ID)
  2  values('Hornets'	, 9 ,	     'Charlotte'   , 0,      3	);

1 row created.

SQL> insert into     Team    (Tname,	     Rank , City, Championships, Team_ID)
  2  values('Blazers'	, 2 ,	     'Portland'    , 0,      4	);

1 row created.

SQL> insert into     Team    (Tname,	     Rank , City, Championships, Team_ID)
  2  values('Spurs'	, 7 ,	     'San Antonio' , 5,      5	);

1 row created.

SQL> insert into     Team    (Tname,	     Rank , City, Championships, Team_ID)
  2  values('Mavericks' , 4 ,	     'Dallas'	   , 1,      6	);

1 row created.

SQL> 
SQL> -- INSERT THE DATA WITH ORDER OF FIELDS
SQL> insert into     PLAYER  values( 1 ,  'Chris Paul'		     ,	     'Small Forward' , 2005,  null,  'Wake Forest'	  );

1 row created.

SQL> insert into     PLAYER  values( 2 ,  'Tony Parker' 	     ,	     'Point guard'   , 2001,  null,  'INSEP'		      );

1 row created.

SQL> insert into     PLAYER  values( 3 ,  'Marco Belinelli'  ,	     'Shooting guard', 2007,  null,  'San Giovanni'	  );

1 row created.

SQL> insert into     PLAYER  values( 4 ,  'Gary Neal'		     ,	     'Power Forward' , 2007,  null,  'La Salle University');

1 row created.

SQL> insert into     PLAYER  values( 5 ,  'Kawhi Leonard'    ,	     'Forward'		     , 2011,  null,  'San Diego State'	  );

1 row created.

SQL> insert into     PLAYER  values( 6 ,  'Patty Mills' 	     ,	     'Point guard'   , 2009,  null,  'Marist College'	  );

1 row created.

SQL> insert into     PLAYER  values( 7 ,  'Tyson Chandler'   ,	     'Center'		     , 2001,  null,  'Dominguez'	  );

1 row created.

SQL> insert into     PLAYER  values( 8 ,  'Derek Fisher'	     ,	     'Shooting guard', 1996,  2014,  'Arkansas' 	      );

1 row created.

SQL> 
SQL> --  -------------------------------------
SQL> 
SQL> insert into     ARENA   values( 1 ,     'American Airlines' ,   'Miami'	  );

1 row created.

SQL> insert into     ARENA   values( 2 ,     'Moda Center'	 ,   'Portland'   );

1 row created.

SQL> insert into     ARENA   values( 3 ,     'Staples Center'	 ,   'LA'	  );

1 row created.

SQL> insert into     ARENA   values( 4 ,     'United Center'	 ,   'Chicago'	  );

1 row created.

SQL> insert into     ARENA   values( 5 ,     'TD Garden'	 ,   'Boston'	  );

1 row created.

SQL> insert into     ARENA   values( 6 ,     'ATT Center'	 ,   'San Antonio');

1 row created.

SQL> insert into     ARENA   values( 7 ,     'Philips Arena'	 ,   'Atlanta'	  );

1 row created.

SQL> 
SQL> --  ---------------------------------------------------------------------
SQL> 
SQL> insert into     TEAM_PLAYER_ARENA	 values( 1 ,	     1 ,     1 ,     20  );

1 row created.

SQL> insert into     TEAM_PLAYER_ARENA	     values( 1 ,     1 ,     4 ,     17  );

1 row created.

SQL> insert into     TEAM_PLAYER_ARENA	     values( 2 ,     3 ,     1 ,     32  );

1 row created.

SQL> insert into     TEAM_PLAYER_ARENA	     values( 2 ,     3 ,     2 ,     22  );

1 row created.

SQL> insert into     TEAM_PLAYER_ARENA	     values( 2 ,     3 ,     3 ,     13  );

1 row created.

SQL> insert into     TEAM_PLAYER_ARENA	     values( 2 ,     3 ,     4 ,     25  );

1 row created.

SQL> insert into     TEAM_PLAYER_ARENA	     values( 2 ,     3 ,     5 ,     06  );

1 row created.

SQL> insert into     TEAM_PLAYER_ARENA	     values( 2 ,     3 ,     6 ,     14  );

1 row created.

SQL> insert into     TEAM_PLAYER_ARENA	     values( 2 ,     3 ,     7 ,     18  );

1 row created.

SQL> insert into     TEAM_PLAYER_ARENA	     values( 2 ,     5 ,     2 ,     11  );

1 row created.

SQL> insert into     TEAM_PLAYER_ARENA	     values( 3 ,     3 ,     1 ,     20  );

1 row created.

SQL> insert into     TEAM_PLAYER_ARENA	     values( 3 ,     4 ,     2 ,     05  );

1 row created.

SQL> insert into     TEAM_PLAYER_ARENA	     values( 4 ,     6 ,     3 ,     23  );

1 row created.

SQL> insert into     TEAM_PLAYER_ARENA	     values( 4 ,     6 ,     7 ,     18  );

1 row created.

SQL> insert into     TEAM_PLAYER_ARENA	     values( 5 ,     2 ,     2 ,     24  );

1 row created.

SQL> insert into     TEAM_PLAYER_ARENA	     values( 5 ,     2 ,     4 ,     10  );

1 row created.

SQL> insert into     TEAM_PLAYER_ARENA	     values( 5 ,     5 ,     5 ,     25  );

1 row created.

SQL> insert into     TEAM_PLAYER_ARENA	     values( 5 ,     5 ,     7 ,     16  );

1 row created.

SQL> insert into     TEAM_PLAYER_ARENA	     values( 5 ,     6 ,     2 ,     24  );

1 row created.

SQL> insert into     TEAM_PLAYER_ARENA	     values( 5 ,     1 ,     4 ,     33  );

1 row created.

SQL> insert into     TEAM_PLAYER_ARENA	     values( 5 ,     3 ,     4 ,     31  );

1 row created.

SQL> insert into     TEAM_PLAYER_ARENA	     values( 5 ,     4 ,     4 ,     26  );

1 row created.

SQL> insert into     TEAM_PLAYER_ARENA	     values( 5 ,     5 ,     4 ,     14  );

1 row created.

SQL> insert into     TEAM_PLAYER_ARENA	     values( 5 ,     6 ,     4 ,     05  );

1 row created.

SQL> 
SQL> -- DISPALY TABLES WITH DATA
SQL> SELECT * FROM TEAM;

   TEAM_ID TNAME                 RANK CITY                 CHAMPIONSHIPS                                                                                                                                                                                                                                    
---------- --------------- ---------- -------------------- -------------                                                                                                                                                                                                                                    
         1 Clippers                 6 LA                               0                                                                                                                                                                                                                                    
         2 Bulls                    5 Chicago                          6                                                                                                                                                                                                                                    
         3 Hornets                  9 Charlotte                        0                                                                                                                                                                                                                                    
         4 Blazers                  2 Portland                         0                                                                                                                                                                                                                                    
         5 Spurs                    7 San Antonio                      5                                                                                                                                                                                                                                    
         6 Mavericks                4 Dallas                           1                                                                                                                                                                                                                                    

6 rows selected.

SQL> SELECT * FROM PLAYER;

 PLAYER_ID PNAME                          POSITION             DRAFT_YEAR RETIRE_YEAR EDUCATION                                                                                                                                                                                                             
---------- ------------------------------ -------------------- ---------- ----------- ------------------------------                                                                                                                                                                                        
         1 Chris Paul                     Small Forward              2005             Wake Forest                                                                                                                                                                                                           
         2 Tony Parker                    Point guard                2001             INSEP                                                                                                                                                                                                                 
         3 Marco Belinelli                Shooting guard             2007             San Giovanni                                                                                                                                                                                                          
         4 Gary Neal                      Power Forward              2007             La Salle University                                                                                                                                                                                                   
         5 Kawhi Leonard                  Forward                    2011             San Diego State                                                                                                                                                                                                       
         6 Patty Mills                    Point guard                2009             Marist College                                                                                                                                                                                                        
         7 Tyson Chandler                 Center                     2001             Dominguez                                                                                                                                                                                                             
         8 Derek Fisher                   Shooting guard             1996        2014 Arkansas                                                                                                                                                                                                              

8 rows selected.

SQL> SELECT * FROM ARENA;

  ARENA_ID ANAME                CITY                                                                                                                                                                                                                                                                        
---------- -------------------- --------------------                                                                                                                                                                                                                                                        
         1 American Airlines    Miami                                                                                                                                                                                                                                                                       
         2 Moda Center          Portland                                                                                                                                                                                                                                                                    
         3 Staples Center       LA                                                                                                                                                                                                                                                                          
         4 United Center        Chicago                                                                                                                                                                                                                                                                     
         5 TD Garden            Boston                                                                                                                                                                                                                                                                      
         6 ATT Center           San Antonio                                                                                                                                                                                                                                                                 
         7 Philips Arena        Atlanta                                                                                                                                                                                                                                                                     

7 rows selected.

SQL> SELECT * FROM TEAM_PLAYER_ARENA;

   TEAM_ID  PLAYER_ID   ARENA_ID     POINTS                                                                                                                                                                                                                                                                 
---------- ---------- ---------- ----------                                                                                                                                                                                                                                                                 
         1          1          1         20                                                                                                                                                                                                                                                                 
         1          1          4         17                                                                                                                                                                                                                                                                 
         2          3          1         32                                                                                                                                                                                                                                                                 
         2          3          2         22                                                                                                                                                                                                                                                                 
         2          3          3         13                                                                                                                                                                                                                                                                 
         2          3          4         25                                                                                                                                                                                                                                                                 
         2          3          5          6                                                                                                                                                                                                                                                                 
         2          3          6         14                                                                                                                                                                                                                                                                 
         2          3          7         18                                                                                                                                                                                                                                                                 
         2          5          2         11                                                                                                                                                                                                                                                                 
         3          3          1         20                                                                                                                                                                                                                                                                 

   TEAM_ID  PLAYER_ID   ARENA_ID     POINTS                                                                                                                                                                                                                                                                 
---------- ---------- ---------- ----------                                                                                                                                                                                                                                                                 
         3          4          2          5                                                                                                                                                                                                                                                                 
         4          6          3         23                                                                                                                                                                                                                                                                 
         4          6          7         18                                                                                                                                                                                                                                                                 
         5          2          2         24                                                                                                                                                                                                                                                                 
         5          2          4         10                                                                                                                                                                                                                                                                 
         5          5          5         25                                                                                                                                                                                                                                                                 
         5          5          7         16                                                                                                                                                                                                                                                                 
         5          6          2         24                                                                                                                                                                                                                                                                 
         5          1          4         33                                                                                                                                                                                                                                                                 
         5          3          4         31                                                                                                                                                                                                                                                                 
         5          4          4         26                                                                                                                                                                                                                                                                 

   TEAM_ID  PLAYER_ID   ARENA_ID     POINTS                                                                                                                                                                                                                                                                 
---------- ---------- ---------- ----------                                                                                                                                                                                                                                                                 
         5          5          4         14                                                                                                                                                                                                                                                                 
         5          6          4          5                                                                                                                                                                                                                                                                 

24 rows selected.

SQL> 
SQL> -----------------------------------------------------------------------------------
SQL> -- Section 1
SQL> -- 1. Print the names of players who joined after 2005 and played for the Hornets
SQL> SELECT P.Pname
  2  FROM PLAYER P
  3  WHERE P.Draft_year > 2005 AND P.Player_ID IN(SELECT TPA.Player_ID
  4  						  FROM TEAM_PLAYER_ARENA TPA
  5  						  WHERE TPA.Team_ID IN (SELECT T.Team_ID
  6  									FROM TEAM T
  7  									WHERE T.Tname = 'Hornets'
  8  									 )
  9  						 );

PNAME                                                                                                                                                                                                                                                                                                       
------------------------------                                                                                                                                                                                                                                                                              
Gary Neal                                                                                                                                                                                                                                                                                                   
Marco Belinelli                                                                                                                                                                                                                                                                                             

SQL> 
SQL> -- 2. Print the cities where the games played had scores between 12 and 20
SQL> SELECT DISTINCT A.city
  2  FROM ARENA A
  3  WHERE A.ARENA_ID IN(SELECT TPA.ARENA_ID
  4  			 FROM TEAM_PLAYER_ARENA TPA
  5  			 WHERE TPA.Points BETWEEN 12 AND 20
  6  			);

CITY                                                                                                                                                                                                                                                                                                        
--------------------                                                                                                                                                                                                                                                                                        
Atlanta                                                                                                                                                                                                                                                                                                     
Chicago                                                                                                                                                                                                                                                                                                     
Miami                                                                                                                                                                                                                                                                                                       
LA                                                                                                                                                                                                                                                                                                          
San Antonio                                                                                                                                                                                                                                                                                                 

SQL> 
SQL> -- 3. Print the names of players that belong to team that comes from a city that begins with 'Ch' and were drafted in 2007
SQL> SELECT P.Pname
  2  FROM PLAYER P
  3  WHERE P.Draft_year = 2007 AND P.Player_ID IN(SELECT TPA.Player_ID
  4  						  FROM TEAM_PLAYER_ARENA TPA
  5  						  WHERE TPA.Team_ID IN (SELECT T.Team_ID
  6  									FROM TEAM T
  7  									WHERE T.city LIKE 'Ch%'
  8  									)
  9  						 );

PNAME                                                                                                                                                                                                                                                                                                       
------------------------------                                                                                                                                                                                                                                                                              
Marco Belinelli                                                                                                                                                                                                                                                                                             
Gary Neal                                                                                                                                                                                                                                                                                                   

SQL> 
SQL> -- 4. Print the names of the teams that played a home game
SQL> SELECT T.Tname
  2  FROM TEAM T
  3  WHERE T.Team_ID IN (SELECT TPA.Team_ID
  4  			 FROM TEAM_PLAYER_ARENA TPA
  5  			 WHERE TPA.ARENA_ID IN (SELECT A.ARENA_ID
  6  						FROM ARENA A
  7  						WHERE T.city = A.city
  8  						)
  9  			);

TNAME                                                                                                                                                                                                                                                                                                       
---------------                                                                                                                                                                                                                                                                                             
Bulls                                                                                                                                                                                                                                                                                                       

SQL> 
SQL> -- 5. Print the points and name of the player with the highest score
SQL> SELECT TPA.Points AS HighestScore, P.Pname
  2  FROM TEAM_PLAYER_ARENA TPA, PLAYER P
  3  WHERE TPA.Player_ID = P.Player_ID AND TPA.Points =(SELECT MAX(TPA.Points)
  4  							FROM TEAM_PLAYER_ARENA TPA
  5  						       );

HIGHESTSCORE PNAME                                                                                                                                                                                                                                                                                          
------------ ------------------------------                                                                                                                                                                                                                                                                 
          33 Chris Paul                                                                                                                                                                                                                                                                                     

SQL> 
SQL> -- 6. Print the names of the teams that played in all arenas ???????
SQL> SELECT T.Tname
  2  FROM TEAM T
  3  INNER JOIN
  4  TEAM_PLAYER_ARENA TPA ON TPA.Team_ID = T.Team_ID
  5  GROUP BY T.Tname
  6  HAVING COUNT(DISTINCT TPA.ARENA_ID) = (SELECT COUNT(DISTINCT A.ARENA_ID) FROM ARENA A);

TNAME                                                                                                                                                                                                                                                                                                       
---------------                                                                                                                                                                                                                                                                                             
Bulls                                                                                                                                                                                                                                                                                                       

SQL> -----------------------------------------------------------------------------------------------------
SQL> COMMIT;

Commit complete.

SQL> 
SQL> spool off
